Workbook
Name CategoryList: Setup!$B$5:$B$10
Name EmployeeList: Setup!$C$5:$C$10
Name FlagPercent: 'Project tracker'!$G$2

Sheet Project tracker
B2: Project Task Tracker | F2: Percent over/under to highlighted numbers | G2: 0.25
B4: Task | C4: Category | D4: Assigned to | E4: Estimated start | F4: Estimated finish | G4: Estimated work (in hours) | H4: Estimated duration (in days) | I4: Actual start | J4: Actual finish | K4: Actual work (in hours) | L4: Actual duration (in days) | M4: Notes
B5: usecase diagram & description | C5: planning | D5: Student 6 | E5: =TODAY()-5 -> 45604 | F5: =TODAY() -> 45609 | G5: 10 | H5: =IF(COUNTA('Project tracker'!$E5,'Project tracker'!$F5)<>2,"",DAYS360('Project tracker'!$E5,'Project tracker'!$F5,FALSE)) -> 5 | I5: =TODAY()-5 -> 45604 | J5: =TODAY() -> 45609 | K5: 5 | L5: =IF(COUNTA('Project tracker'!$I5,'Project tracker'!$J5)<>2,"",DAYS360('Project tracker'!$I5,'Project tracker'!$J5,FALSE)) -> 5 | M5: Finished use case description
B6: class structure diagram | C6: planning | D6: Student 6 | E6: =TODAY()-5 -> 45604 | F6: =TODAY()+5 -> 45614 | G6: 4 | H6: =IF(COUNTA('Project tracker'!$E6,'Project tracker'!$F6)<>2,"",DAYS360('Project tracker'!$E6,'Project tracker'!$F6,FALSE)) -> 10 | I6: =TODAY()-5 -> 45604 | J6: =TODAY()+5 -> 45614 | K6: 6 | L6: =IF(COUNTA('Project tracker'!$I6,'Project tracker'!$J6)<>2,"",DAYS360('Project tracker'!$I6,'Project tracker'!$J6,FALSE)) -> 10 | M6: Finshed use case diagram
B7: gui screen containing login, reg, home page | C7: planning | D7: Student 6 | E7: =TODAY() -> 45609 | F7: =TODAY()+17 -> 45626 | G7: 50 | H7: =IF(COUNTA('Project tracker'!$E7,'Project tracker'!$F7)<>2,"",DAYS360('Project tracker'!$E7,'Project tracker'!$F7,FALSE)) -> 17 | I7: =TODAY() -> 45609 | J7: =TODAY()+17 -> 45626 | K7: 4 | L7: =IF(COUNTA('Project tracker'!$I7,'Project tracker'!$J7)<>2,"",DAYS360('Project tracker'!$I7,'Project tracker'!$J7,FALSE)) -> 17 | M7: Finished class structure diagram
B8: GUI character and board designs | C8: coding | D8: Student 5 | E8: =TODAY() -> 45609 | F8: =TODAY()+17 -> 45626 | G8: 15 | H8: =IF(COUNTA('Project tracker'!$E8,'Project tracker'!$F8)<>2,"",DAYS360('Project tracker'!$E8,'Project tracker'!$F8,FALSE)) -> 17 | I8: =TODAY() -> 45609 | J8: =TODAY()+17 -> 45626 | K8: 1 | L8: =IF(COUNTA('Project tracker'!$I8,'Project tracker'!$J8)<>2,"",DAYS360('Project tracker'!$I8,'Project tracker'!$J8,FALSE)) -> 17 | M8: Finished a sample of the login page
B9: chatbox and arena | C9: coding | D9: Student 5 | E9: =TODAY() -> 45609 | F9: =TODAY()+17 -> 45626 | G9: 10 | H9: =IF(COUNTA('Project tracker'!$E9,'Project tracker'!$F9)<>2,"",DAYS360('Project tracker'!$E9,'Project tracker'!$F9,FALSE)) -> 17 | I9: =TODAY() -> 45609 | J9: =TODAY()+17 -> 45626 | K9: 1 | L9: =IF(COUNTA('Project tracker'!$I9,'Project tracker'!$J9)<>2,"",DAYS360('Project tracker'!$I9,'Project tracker'!$J9,FALSE)) -> 17 | M9: Working on linking login page together and testing
B10: scoreboard implemented for all games | C10: coding | D10: Student 5 | E10: =TODAY()+3 -> 45612 | F10: =TODAY()+17 -> 45626 | G10: 5 | H10: =IF(COUNTA('Project tracker'!$E10,'Project tracker'!$F10)<>2,"",DAYS360('Project tracker'!$E10,'Project tracker'!$F10,FALSE)) -> 14 | I10: =TODAY()+3 -> 45612 | J10: =TODAY()+17 -> 45626 | K10: 6 | L10: =IF(COUNTA('Project tracker'!$I10,'Project tracker'!$J10)<>2,"",DAYS360('Project tracker'!$I10,'Project tracker'!$J10,FALSE)) -> 14 | M10: Working on logo creation for the game
H11: =IF(COUNTA('Project tracker'!$E11,'Project tracker'!$F11)<>2,"",DAYS360('Project tracker'!$E11,'Project tracker'!$F11,FALSE)) | L11: =IF(COUNTA('Project tracker'!$I11,'Project tracker'!$J11)<>2,"",DAYS360('Project tracker'!$I11,'Project tracker'!$J11,FALSE))
H12: =IF(COUNTA('Project tracker'!$E12,'Project tracker'!$F12)<>2,"",DAYS360('Project tracker'!$E12,'Project tracker'!$F12,FALSE)) | L12: =IF(COUNTA('Project tracker'!$I12,'Project tracker'!$J12)<>2,"",DAYS360('Project tracker'!$I12,'Project tracker'!$J12,FALSE))

Sheet Task Lookup
A1: Task Number | B1: Task Name | C1: Task Description | D1: making logo
A2: Task 1
A3: Task 2
A4: Task 3

Sheet Setup
B2: Setup
B4: Category Name | C4: Employee Name
B5: planning | C5: student 1
B6: coding | C6: student 2
B7: design | C7: student 3
B8: Category 4 | C8: student 4
B9: Category 5 | C9: student 5
B10: Category 6 | C10: Student 6
